{
  "logistic_regression": {
    "accuracy": 0.8853077475360616,
    "precision": 0.6165254237288136,
    "recall": 0.032711330935251796,
    "f1_score": 0.06212638770281811,
    "roc_auc": 0.7499442706095945
  },
  "random_forest": {
    "accuracy": 0.8858429606422558,
    "precision": 0.6365280289330922,
    "recall": 0.039568345323741004,
    "f1_score": 0.07450523864959255,
    "roc_auc": 0.7450149007719344
  },
  "gradient_boosting": {
    "accuracy": 0.8860518242934534,
    "precision": 0.6151724137931035,
    "recall": 0.050134892086330936,
    "f1_score": 0.09271385510861657,
    "roc_auc": 0.7559473227367093
  },
  "xgboost": {
    "accuracy": 0.8859996083806541,
    "precision": 0.5728328865058088,
    "recall": 0.07205485611510791,
    "f1_score": 0.12800798801797303,
    "roc_auc": 0.7516597930099407
  }
}